{
  "patches": [
    {
      "average_z": -4.035891532897949,
      "cells": [
        [0, -3],
        [0, -4],
        [0, -5],
        [0, -6],
        [1, -4]
      ],
      "grid_step": 1,
      "max_x": 23.356046676635742,
      "max_y": 7.478317737579346,
      "max_z": 17.6362361907959,
      "min_x": -22.06148910522461,
      "min_y": -20.05420684814453,
      "min_z": -8.370329856872559,
      "patch": "trained_export_m7_1_8_adc.ply"
    }
  ],
  "version": "2024-11-13"
}
